{"cameraMode":{"drawMode":0,"name":"Shaded","section":"Shading Mode"},"sceneLighting":false,"audioPlay":false,"sceneViewState":{"m_AlwaysRefresh":false,"showFog":false,"showSkybox":false,"showFlares":false,"showImageEffects":false,"showParticleSystems":false,"showVisualEffectGraphs":true,"m_FxEnabled":true},"in2DMode":false,"pivot":{"x":0.00008666515350341797,"y":0.9157183170318604,"z":-0.003240227699279785},"rotation":{"x":0.132815882563591,"y":-0.7872397899627686,"z":0.18216751515865327,"w":0.5739648342132568},"size":1.3199399709701539,"orthographic":false}